SA2_NAME16,Population
Braidwood,4366
Karabar,8528
Queanbeyan,11390
Queanbeyan - East,5090
Queanbeyan West - Jerrabomberra,12779
Googong,6748
Queanbeyan Surrounds,16864
Bombala,2467
Cooma,6670
Cooma Surrounds,3505
Jindabyne - Berridale,8224
Batemans Bay,8651
Batemans Bay - South,8965
Bega - Tathra,8870
Bega-Eden Hinterland,9631
Broulee - Tomakin,3829
Deua - Wadbilliga,41
Eden,3416
Eurobodalla Hinterland,3565
Merimbula - Tura Beach,11506
Moruya - Tuross Head,8588
Narooma - Bermagui,9925
Goulburn,24840
Goulburn Surrounds,13946
Yass,6781
Yass Surrounds,12792
Young,10984
Young Surrounds,7682
Avoca Beach - Copacabana,7481
Box Head - MacMasters Beach,11054
Calga - Kulnura,4700
Erina - Green Point,14654
Gosford - Springfield,21701
Kariong,6408
Kincumber - Picketts Valley,7537
Narara,7270
Niagara Park - Lisarow,8194
Point Clare - Koolewong,6613
Saratoga - Davistown,7207
Terrigal - North Avoca,14904
Umina - Booker Bay - Patonga,24846
Wamberal - Forresters Beach,10675
Woy Woy - Blackwall,14283
Wyoming,11344
Bateau Bay - Killarney Vale,22905
Blue Haven - San Remo,11468
Budgewoi - Buff Point - Halekulani,9877
Chittaway Bay - Tumbi Umbi,16197
Gorokan - Kanwal - Charmhaven,22586
Jilliby - Yarramalong,3451
Lake Munmorah - Mannering Park,11039
Ourimbah - Fountaindale,4914
Summerland Point - Gwandalan,6631
The Entrance,15831
Toukley - Norah Head,9907
Tuggerah - Kangy Angy,5243
Warnervale - Wadalba,20974
Wyong,9279
Bathurst - East,12679
Bathurst Surrounds,6947
Oberon,4853
Bathurst - South,10727
Bathurst - West,14494
Condobolin,6404
Cowra,9244
Cowra Surrounds,5733
Forbes,10038
Grenfell,3600
Parkes (NSW),10974
Parkes Surrounds,3201
West Wyalong,5462
Lithgow,12372
Lithgow Surrounds,8442
Mudgee,12571
Mudgee Surrounds - East,3366
Mudgee Surrounds - West,11166
Wollangambe - Wollemi,0
Blayney,7611
Orange,19135
Orange - North,23244
Orange Surrounds,11869
Grafton,19453
Grafton Surrounds,17153
Maclean - Yamba - Iluka,17615
Bellingen,6164
Coffs Harbour - North,18363
Coffs Harbour - South,11367
Coramba - Nana Glen - Bucca,3979
Dorrigo,3230
Korora - Emerald Beach,10437
Sawtell - Boambee,20217
Urunga,4925
Woolgoolga - Arrawarra,14746
Bourke - Brewarrina,3515
Cobar,4125
Coonamble,4022
Nyngan - Warren,4595
Walgett - Lightning Ridge,5813
Broken Hill,17569
Far West,2295
Coonabarabran,7960
Dubbo - East,10803
Dubbo - South,19975
Dubbo - West,10543
Dubbo Surrounds,6022
Gilgandra,4410
Narromine,6534
Wellington,8941
Branxton - Greta - Pokolbin,13521
Cessnock,23856
Cessnock Surrounds,9355
Dungog,9722
Kurri Kurri - Abermain,21574
Singleton,17431
Singleton Surrounds,5398
Maitland,9146
Maitland - North,8948
East Maitland - Metford,18140
Rutherford (North) - Aberglasslyn,18391
Rutherford (South) - Telarah,8398
Tenambit - East Maitland,10291
Thornton - Millers Forest,17065
Anna Bay,6591
Lemon Tree Passage - Tanilba Bay,6935
Nelson Bay Peninsula,21968
Raymond Terrace,14915
Seaham - Woodville,5743
Tea Gardens - Hawks Nest,5792
Williamtown - Medowie - Karuah,15566
Muswellbrook,12417
Muswellbrook Surrounds,4123
Scone,6040
Scone Surrounds,8251
Dapto - Avondale,24451
Horsley - Kembla Grange,12990
Port Kembla Industrial,7
Unanderra - Mount Kembla,15237
Berkeley - Lake Heights - Cringila,14141
Port Kembla - Warrawong,9652
Windang - Primbee,4195
Illawarra Catchment Reserve,5
Albion Park - Macquarie Pass,20634
Albion Park Rail,6880
Kiama,8846
Kiama Downs - Minnamurra,5960
Kiama Hinterland - Gerringong,8058
Shellharbour - Flinders,19815
Shellharbour - Oak Flats,10655
Warilla,20348
Balgownie - Fairy Meadow,21572
Corrimal - Tarrawanna - Bellambi,16111
Figtree - Keiraville,23017
Helensburgh,9088
Thirroul - Austinmer - Coalcliff,11945
Woonona - Bulli - Russell Vale,20622
Wollongong - East,16678
Wollongong - West,16754
Bulahdelah - Stroud,5284
Forster,14657
Forster-Tuncurry Surrounds,7067
Tuncurry,6351
Kempsey,16044
Kempsey Surrounds,9515
Macksville - Scotts Head,5280
Nambucca Heads,7153
Nambucca Heads Surrounds,8177
South West Rocks,5683
Lord Howe Island,450
Laurieton - Bonny Hills,18657
Port Macquarie - West,22031
Port Macquarie Surrounds,5311
Wauchope,13094
Port Macquarie - East,11857
Port Macquarie - South,17335
Gloucester,5310
Old Bar - Manning Point - Red Head,12708
Taree,21316
Taree Surrounds,13236
Wingham,5382
Albury - East,18479
Albury - North,10506
Albury - South,10445
Albury Surrounds,12697
Lavington,15614
Hay,2854
Wentworth - Buronga,6635
Wentworth-Balranald Region,3632
Corowa,5540
Corowa Surrounds,7300
Deniliquin,7032
Deniliquin Surrounds,6836
Moama,7145
Tocumwal - Finley - Jerilderie,9846
Armidale,24178
Armidale Surrounds - North,4553
Armidale Surrounds - South,5899
Walcha,3148
Glen Innes,8945
Inverell,12167
Inverell Surrounds - East,5232
Inverell Surrounds - West,5738
Tenterfield,6879
Moree,8009
Moree Surrounds,5311
Narrabri,6898
Narrabri Surrounds,4642
Gunnedah,9912
Gunnedah Surrounds,4413
Quirindi,7660
Tamworth - East,22042
Tamworth - North,16693
Tamworth - West,6244
Tamworth Surrounds,19360
Belmont - Bennetts Green,17760
Belmont South - Blacksmiths,5667
Charlestown - Dudley,25512
Glendale - Cardiff - Hillsborough,24966
Mount Hutton - Windale,9597
Redhead,3782
Swansea - Caves Beach,12689
Valentine - Eleebana,12453
Warners Bay - Boolaroo,14898
Bolton Point - Teralba,10376
Bonnells Bay - Silverwater,9928
Edgeworth - Cameron Park,17007
Morisset - Cooranbong,18687
Toronto - Awaba,14099
Wangi Wangi - Rathmines,9496
West Wallsend - Barnsley - Killingworth,7333
Adamstown - Kotara,16815
Beresfield - Hexham,8660
Hamilton - Broadmeadow,12856
Lambton - New Lambton,17396
Maryland - Fletcher - Minmi,16951
Mayfield - Warabrook,15674
Merewether - The Junction,14619
Newcastle - Cooks Hill,13305
Newcastle Port - Kooragang,28
Shortland - Jesmond,12975
Stockton - Fullerton Cove,9142
Wallsend - Elermore Vale,21137
Waratah - North Lambton,12999
Wickham - Carrington - Tighes Hill,9511
Ballina,18748
Ballina Surrounds,18611
Bangalow,7125
Brunswick Heads - Ocean Shores,9284
Byron Bay,10911
Evans Head,5722
Lennox Head - Skennars Head,9392
Mullumbimby,9003
Casino,12344
Casino Surrounds,7453
Goonellabah,13780
Kyogle,7659
Lismore,14904
Lismore Surrounds,15855
Kingscliff - Fingal Head,14887
Murwillumbah,9482
Murwillumbah Surrounds,10463
Pottsville,14225
Tweed Heads,20771
Banora Point,16367
Terranora - North Tumbulgum,3345
Tweed Heads South,8429
Griffith (NSW),20531
Griffith Surrounds,12840
Leeton,10324
Narrandera,5912
Tumbarumba,3517
Tumut,6679
Tumut Surrounds,4750
Cootamundra,7718
Gundagai,3713
Junee,6384
Temora,6570
Wagga Wagga - East,16931
Wagga Wagga - North,5793
Wagga Wagga - South,22919
Wagga Wagga - West,11827
Wagga Wagga Surrounds,18174
Berry - Kangaroo Valley,9367
Callala Bay - Currarong,3595
Culburra Beach,5056
Ettrema - Sassafras - Budawang,62
Huskisson - Vincentia,4914
North Nowra - Bomaderry,16222
Nowra,23239
St Georges Basin - Erowal Bay,15410
Sussex Inlet - Berrara,4686
Tomerong - Wandandian - Woollamia,3747
Ulladulla,17222
Ulladulla Surrounds,5849
Bowral,13509
Hill Top - Colo Vale,6466
Mittagong,11012
Moss Vale - Berrima,10766
Robertson - Fitzroy Falls,3842
Southern Highlands,7205
Baulkham Hills - East,24736
Baulkham Hills (West) - Bella Vista,22129
Glenhaven,6327
West Pennant Hills,12392
Castle Hill - Central,7583
Castle Hill - East,5456
Castle Hill - North,12246
Castle Hill - South,10399
Castle Hill - West,5177
Cherrybrook,18825
Kellyville - East,17586
Kellyville - West,12494
Dural - Kenthurst - Wisemans Ferry,22550
Galston - Laughtondale,5458
Bilpin - Colo - St Albans,2805
Kurrajong Heights - Ebenezer,22325
Pitt Town - McGraths Hill,11688
Box Hill - Nelson,14532
North Kellyville,19055
Rouse Hill - Beaumont Hills,17711
Blacktown (East) - Kings Park,17244
Blacktown (North) - Marayong,20811
Doonside - Woodcroft,23459
Lalor Park - Kings Langley,25555
Blacktown - South,12675
Blacktown - West,17299
Seven Hills - Prospect,14866
Toongabbie - West,11701
Glenwood,15790
Acacia Gardens,3609
Quakers Hill,25043
Kellyville Ridge - The Ponds,21260
Marsden Park - Shanes Park,19868
Riverstone,15501
Schofields (West) - Colebee,11452
Schofields - East,29678
Stanhope Gardens - Parklea,13083
Bidwill - Hebersham - Emerton,18536
Glendenning - Dean Park,8392
Hassall Grove - Plumpton,21332
Lethbridge Park - Tregear,21916
Mount Druitt - Whalan,23208
Prospect Reservoir,16
Rooty Hill - Minchinbury,22832
Banksmeadow,594
Botany,13254
Pagewood - Hillsdale - Daceyville,15398
Port Botany Industrial,9
Sydney Airport,23
Eastlakes,8823
Mascot,22778
Petersham - Stanmore,19992
Sydenham - Tempe - St Peters,8395
Marrickville - North,12327
Marrickville - South,14188
Darlinghurst,10617
Erskineville - Alexandria,19970
Glebe - Forest Lodge,20628
Potts Point - Woolloomooloo,18256
Surry Hills,15952
Camperdown - Darlington,8452
Chippendale,8237
Newtown (NSW),14853
Pyrmont,12965
Redfern,14098
Rosebery - Beaconsfield,12914
Sydney (North) - Millers Point,8181
Sydney (South) - Haymarket,21048
Ultimo,7801
Waterloo,17010
Zetland,13349
Bondi - Tamarama - Bronte,19258
Bondi Beach - North Bondi,21095
Bondi Junction - Waverly,17852
Centennial Park,0
Dover Heights,11119
Paddington - Moore Park,14820
Rose Bay - Vaucluse - Watsons Bay,11847
Woollahra,7476
Bellevue Hill,14435
Double Bay - Darling Point,9987
Kensington (NSW),12301
Kingsford,14146
Maroubra - North,9984
Maroubra - South,11174
Maroubra - West,10011
Randwick - North,16173
Randwick - South,12789
Coogee - Clovelly,19426
Malabar - La Perouse,10611
Matraville - Chifley,13427
South Coogee,5635
Bass Hill - Georges Hall,24029
Chullora,1450
Condell Park,12892
Padstow,17079
Revesby,17903
Yagoona - Birrong,22623
Bankstown - North,17153
Bankstown - South,18593
Greenacre - North,14741
Greenacre - South,13302
Panania (North) - Milperra,11350
Panania (South) - Picnic Point,16058
Belmore - Belfield,20501
Punchbowl,21526
Roselands,14646
Lakemba,16891
Wiley Park,10066
Campsie - North,11809
Campsie - South,8997
Canterbury - South,12529
Earlwood,17901
Kingsgrove - North,6228
Narwee - Beverly Hills,13677
Oatley - Hurstville Grove,12515
Peakhurst - Lugarno,20322
Riverwood,11562
South Hurstville - Blakehurst,25611
Hurstville - Central,12373
Hurstville - North,11971
Mortdale - Oatley,14779
Penshurst,9508
Kingsgrove (South) - Bardwell Park,12929
Kogarah,13466
Kogarah Bay - Carlton - Allawah,16361
Monterey - Brighton-le-Sands - Kyeemagh,13648
Rockdale - Banksia,20212
Sans Souci - Ramsgate,16516
Arncliffe - Bardwell Valley,16751
Bexley - North,10000
Bexley - South,15715
Wolli Creek,11408
Concord - Mortlake - Cabarita,23170
Drummoyne - Rodd Point,18236
Five Dock - Abbotsford,20838
Concord West - North Strathfield,12748
Rhodes,11725
Balmain,15450
Lilyfield - Rozelle,13626
Annandale (NSW),9525
Leichhardt,17664
Canterbury (North) - Ashbury,12103
Croydon Park - Enfield,17430
Dulwich Hill - Lewisham,18086
Haberfield - Summer Hill,13524
Homebush,21396
Strathfield South,3597
Ashfield - North,11445
Ashfield - South,12213
Burwood (NSW),16528
Croydon,10942
Strathfield - East,16597
Strathfield - West,9208
Chatswood (West) - Lane Cove North,21613
St Leonards - Naremburn,12232
Artarmon,9394
Castle Cove - Northbridge,13336
Chatswood - East,19739
Greenwich - Riverview,12836
Lane Cove,16066
Willoughby,12867
Asquith - Mount Colah,22370
Berowra - Brooklyn - Cowan,11758
Normanhurst - Thornleigh - Westleigh,19211
Hornsby - East,11932
Hornsby - West,10612
Wahroonga (West) - Waitara,12002
Gordon - Killara,22435
Lindfield - Roseville,24661
Pymble,17266
St Ives,21786
Turramurra,20170
Wahroonga (East) - Warrawee,18150
Cremorne - Cammeray,18926
Crows Nest - Waverton,17938
Neutral Bay - Kirribilli,17213
North Sydney - Lavender Bay,12651
Mosman - North,13735
Mosman - South,14388
Balgowlah - Clontarf - Seaforth,20544
Manly - Fairlight,22780
Avalon - Palm Beach,12921
Bayview - Elanora Heights,11174
Newport - Bilgola,13517
Mona Vale - Warriewood (North),14699
North Narrabeen - Warriewood (South),10906
Beacon Hill - Narraweena,14472
Cromer,8130
Forestville - Killarney Heights,13188
Freshwater - Brookvale,22006
Manly Vale - Allambie Heights,17417
Terrey Hills - Duffys Forest,3719
Belrose,8637
Collaroy - Collaroy Plateau,13792
Dee Why (South) - North Curl Curl,9104
Dee Why - North,18027
Frenchs Forest - Oxford Falls,17212
Narrabeen - Wheeler Heights,11053
Camden - Ellis Lane,13423
Currans Hill,6725
Elderslie - Narellan,14237
Harrington Park,11305
Mount Annan,19170
Spring Farm,10112
Bradbury - Wedderburn,20227
Campbelltown - Woodbine,22972
Claymore - Eagle Vale - Raby,20120
Holsworthy Military Area,3
Leumeah - Minto Heights,16797
Minto - St Andrews,21468
Rosemeadow - Glen Alpine,21252
Denham Court - Bardia,17530
Glenfield,10597
Ingleburn,16772
Macquarie Fields,14136
Bargo,6039
Douglas Park - Appin,11532
Picton - Tahmoor - Buxton,19697
The Oaks - Oakdale,10041
Blackheath - Megalong Valley,5800
Blaxland - Warrimoo - Lapstone,19058
Blue Mountains - North,9
Katoomba - Leura,13205
Lawson - Hazelbrook - Linden,11498
Springwood - Winmalee,21883
Wentworth Falls,6315
Blue Mountains - South,7
Cambridge Park,16180
Emu Plains - Leonay,13839
Glenmore Park - Regentville,20961
Jamisontown - South Penrith,17403
Kingswood - Werrington,25266
Mulgoa - Luddenham - Orchard Hills,12362
Penrith,18854
Warragamba - Silverdale,6446
Cranebrook - Castlereagh,17099
Jordan Springs - Llandilo,14225
Richmond - Clarendon,15532
Windsor - Bligh Park,15359
Yarramundi - Londonderry,7461
Erskine Park,6503
St Clair,20007
Colyton - Oxley Park,13176
St Marys - North St Marys,17678
Rookwood Cemetery,5
Auburn - Central,19751
Auburn - North,10580
Auburn - South,8953
Berala,8502
Lidcombe,21483
Regents Park,5102
Silverwater - Newington,9076
Wentworth Point - Sydney Olympic Park,21985
Ermington - Rydalmere,25193
Oatlands - Dundas Valley,18637
Carlingford - East,11586
Carlingford - West,19553
Chester Hill - Sefton,21016
Fairfield - East,15766
Granville - Clyde,23627
Guildford - South Granville,22542
Guildford West - Merrylands West,23285
Smithfield Industrial,13
Yennora Industrial,13
Greystanes - South,16481
Merrylands - Holroyd,24083
Pemulwuy - Greystanes (North),10957
South Wentworthville,7408
North Parramatta,22919
North Rocks,8470
Northmead,20401
Toongabbie - Constitution Hill,23046
Winston Hills,11061
Pendle Hill - Girraween,13810
Wentworthville - Westmead,22145
Parramatta - North,12467
Parramatta - South,9812
Rosehill - Harris Park,8919
Pennant Hills - Cheltenham,21794
Epping (East) - North Epping,14856
Epping (NSW) - West,18707
Gladesville - Huntleys Point,15521
Hunters Hill - Woolwich,10165
Macquarie Park - Marsfield,24831
North Ryde - East Ryde,15687
West Ryde - Meadowbank,20286
Putney,4171
Denistone,6964
Eastwood,19132
Ryde - North,20472
Ryde - South,12359
Ashcroft - Busby - Miller,18023
Austral - Greendale,14529
Badgerys Creek,23
Cecil Hills,6856
Green Valley,12779
Hinchinbrook,12993
Hoxton Park - Carnes Hill - Horningsea Park,13543
West Hoxton - Middleton Grange,17341
Cobbitty - Bringelly,4991
Gledswood Hills - Gregory Hills,16558
Leppington - Catherine Field,14603
Oran Park,20627
Bonnyrigg Heights - Bonnyrigg,17133
Bossley Park - Abbotsbury,19415
Cabramatta - Lansvale,23674
Cabramatta West - Mount Pritchard,18136
Canley Vale - Canley Heights,22086
Edensor Park,10188
Fairfield,17964
Fairfield - West,21329
Greenfield Park - Prairiewood,8703
Horsley Park - Kemps Creek,4256
Smithfield - Wetherill Park,19436
St Johns Park - Wakeley,11062
Wetherill Park Industrial,39
Casula,16498
Chipping Norton - Moorebank,20996
Holsworthy - Wattle Grove,21041
Lurnea - Cartwright,12839
Warwick Farm,5956
Edmondson Park,14262
Liverpool - East,18627
Liverpool - West,13729
Prestons,15660
Gymea - Grays Point,18195
Miranda - Yowie Bay,21264
Sylvania - Taren Point,16431
Caringbah,13066
Caringbah South,13049
Cronulla - Kurnell - Bundeena,24582
Lilli Pilli - Port Hacking - Dolans Bay,3425
Woolooware - Burraneer,9096
Heathcote - Waterfall,6711
Illawong - Alfords Point,10500
Menai - Lucas Heights - Woronora,20817
Oyster Bay - Como - Jannali,22248
Royal National Park,45
Sutherland - Kirrawee,23574
Engadine,17397
Loftus - Yarrawarrah,7354
Woronora Heights,3536
Alfredton,17991
Ballarat,11931
Buninyong,7244
Delacombe,11790
Smythes Creek,4222
Wendouree - Miners Rest,15380
Ballarat East - Warrenheip,9635
Ballarat - North,14886
Canadian - Mount Clear,12388
Sebastopol - Redan,12953
Bacchus Marsh Surrounds,6539
Creswick - Clunes,7967
Daylesford,10000
Gordon (Vic.),6377
Avoca,3541
Beaufort,4611
Golden Plains - North,4893
Maryborough (Vic.),8169
Maryborough Surrounds,5564
Bendigo,14739
California Gully - Eaglehawk,13096
East Bendigo - Kennington,13883
Flora Hill - Spring Gully,9379
Kangaroo Flat - Golden Square,21189
Maiden Gully,5612
Strathfieldsaye,11023
White Hills - Ascot,14897
Bendigo Surrounds - South,8571
Castlemaine,11344
Castlemaine Surrounds,9295
Heathcote,5156
Kyneton,10558
Woodend,7989
Bendigo Surrounds - North,5020
Loddon,7272
Bannockburn,7955
Golden Plains - South,8242
Winchelsea,6673
Belmont,14938
Geelong,13534
Geelong West - Hamlyn Heights,21362
Highton,24579
Lara,21354
Leopold,13324
Newcomb - Moolap,15284
Newtown (Vic.),10299
North Geelong - Bell Park,15711
Charlemont,11854
Corio,18243
Grovedale,25814
Norlane,8946
Clifton Springs,17111
Lorne - Anglesea,6270
Portarlington,9926
Point Lonsdale - Queenscliff,5594
Torquay,25451
Ocean Grove - Barwon Heads,32036
Alexandra,6792
Euroa,6882
Kilmore - Broadford,15772
Mansfield (Vic.),10680
Nagambie,4633
Seymour,6575
Seymour Surrounds,4582
Upper Yarra Valley,244
Yea,4256
Benalla,10741
Benalla Surrounds,3795
Rutherglen,4055
Wangaratta,19960
Wangaratta Surrounds,9943
Beechworth,4911
Bright - Mount Beauty,8902
Chiltern - Indigo Valley,3199
Myrtleford,4695
Towong,6166
West Wodonga,15464
Yackandandah,5327
Baranduda - Leneva,13358
Wodonga,14872
Drouin,20531
Mount Baw Baw Region,6632
Trafalgar (Vic.),8448
Warragul,23775
Alps - East,0
Bairnsdale,15772
Bruthen - Omeo,8403
Lake King,0
Lakes Entrance,11180
Orbost,6696
Paynesville,6993
Foster,9439
French Island,143
Korumburra,9914
Leongatha,11556
Phillip Island,14069
Wilsons Promontory,15
Wonthaggi - Inverloch,27529
Churchill,11977
Moe - Newborough,17313
Morwell,14418
Yallourn North - Glengarry,4734
Traralgon - East,12126
Traralgon - West,16953
Alps - West,23
Longford - Loch Sport,4949
Maffra,14930
Rosedale,4869
Sale,15319
Yarram,5587
Brunswick East,13296
Brunswick West,14684
Pascoe Vale South,10413
Brunswick,26618
Coburg,27051
Alphington - Fairfield,9156
Thornbury,19177
Northcote,25611
Ascot Vale,15179
Flemington,9188
Moonee Ponds,16579
Essendon - Aberfeldie,16176
Essendon - East,12288
Carlton,18004
Docklands,16456
East Melbourne,4884
Flemington Racecourse,78
Kensington (Vic.),11000
Parkville,7462
South Yarra - West,6565
West Melbourne - Industrial,0
Melbourne,46780
North Melbourne,16582
Royal Botanic Gardens Victoria,0
Southbank,24155
West Melbourne,8014
Albert Park,16161
Elwood,14873
Port Melbourne,16376
St Kilda East,15989
Port Melbourne Industrial,2228
South Melbourne,11873
St Kilda,26505
Armadale,9369
Prahran - Windsor,19269
Toorak,13118
South Yarra,21725
Abbotsford,9502
Carlton North - Princes Hill,8150
Collingwood,9668
Fitzroy,10800
Fitzroy North,12962
Clifton Hill - Alphington,10272
Richmond,31900
Ashburton (Vic.),7947
Balwyn,16306
Balwyn North,21306
Camberwell,21270
Glen Iris - East,16880
Hawthorn East,16100
Kew East,6567
Surrey Hills (West) - Canterbury,15898
Hawthorn,22315
Kew,24911
Bulleen,11428
Doncaster,25661
Templestowe,17154
Templestowe Lower,14338
Doncaster East (North),15778
Doncaster East (South),15712
Blackburn,22317
Blackburn South,10943
Box Hill,23800
Box Hill North,18380
Burwood,12912
Burwood East,11088
Surrey Hills (East) - Mont Albert,10317
Beaumaris,14021
Brighton (Vic.),22906
Brighton East,16717
Cheltenham - Highett (West),12543
Hampton,18496
Sandringham - Black Rock,17494
Bentleigh - McKinnon,25454
Carnegie,18918
Caulfield - North,23039
Caulfield - South,18226
Elsternwick,12111
Hughesdale,7657
Murrumbeena,9538
Ormond - Glen Huntly,13409
Bentleigh East (North),16888
Bentleigh East (South),14111
Aspendale Gardens - Waterways,8909
Braeside,28
Carrum - Patterson Lakes,12169
Chelsea - Bonbeach,15351
Chelsea Heights,5373
Cheltenham - Highett (East),24538
Edithvale - Aspendale,13653
Mentone,13361
Moorabbin - Heatherton,9213
Moorabbin Airport,26
Mordialloc - Parkdale,21406
Malvern - Glen Iris,20542
Malvern East,22395
Bundoora - East,9834
Greensborough,20843
Heidelberg - Rosanna,16306
Heidelberg West,15273
Ivanhoe,12580
Ivanhoe East - Eaglemont,7808
Montmorency - Briar Hill,16633
Viewbank - Yallambie,18823
Watsonia,9248
Kingsbury,10758
Preston - East,21109
Preston - West,12758
Reservoir - East,27958
Reservoir - West,23,956
Eltham,23515
Hurstbridge,3541
Kinglake,4307
Panton Hill - St Andrews,5160
Plenty - Yarrambat,9432
Research - North Warrandyte,6966
Wattle Glen - Diamond Creek,14427
Bundoora - North,7485
Bundoora - West,6299
Mill Park - North,17310
Mill Park - South,11160
Thomastown,19976
Wallan,24665
Whittlesea,12328
Epping - East,13160
Epping - South,8078
Epping - West,12393
South Morang (North),12696
South Morang (South),12402
Wollert,28218
Doreen,27795
Lalor,23468
Mernda,24,198
Airport West,8291
Essendon Airport,14
Keilor,8537
Niddrie - Essendon West,7569
Strathmore,10180
Avondale Heights,12385
Keilor East,15188
Gisborne,14450
Macedon,3580
Riddells Creek,4537
Romsey,11084
Coburg North,8607
Fawkner,14179
Gowanbrae,3133
Hadfield,6373
Glenroy,23567
Oak Park,8100
Pascoe Vale,17461
Sunbury,13838
Diggers Rest,5836
Sunbury - South,15478
Sunbury - West,11141
Broadmeadows,13932
Campbellfield - Coolaroo,15870
Gladstone Park - Westmeadows,17983
Greenvale - Bulla,23512
Meadow Heights,14634
Melbourne Airport,130
Tullamarine,6511
Craigieburn - Central,7980
Craigieburn - North,12421
Craigieburn - South,22567
Mickleham - Yuroke,28541
Craigieburn - North West,10365
Craigieburn - West,13629
Roxburgh Park - Somerton,9501
Roxburgh Park - North,14951
Bayswater,12699
Knoxfield - Scoresby,16699
Lysterfield,6567
Rowville - Central,15455
Rowville - North,7806
Rowville - South,10389
Wantirna,14211
Wantirna South,17964
Boronia,23835
Ferntree Gully (North),14227
Ferntree Gully (South) - Upper Ferntree Gully,15342
The Basin,4313
Donvale - Park Orchards,16397
Warrandyte - Wonga Park,10086
Bayswater North,11833
Croydon Hills - Warranwood,18143
Ringwood,18962
Ringwood East,21247
Ringwood North,9660
Croydon - East,16205
Croydon - West,14198
Croydon South,4974
Forest Hill,10860
Mitcham (Vic.),17006
Nunawading,12593
Vermont,10987
Vermont South,12039
Belgrave - Selby,9985
Chirnside Park,12081
Healesville - Yarra Glen,14093
Kilsyth,10099
Lilydale - Coldstream,19900
Monbulk - Silvan,5794
Montrose,6959
Mooroolbark,23592
Mount Dandenong - Olinda,9639
Mount Evelyn,9802
Upwey - Tecoma,9727
Wandin - Seville,7947
Yarra Valley,16948
Emerald - Cockatoo,18734
Beaconsfield - Officer,25757
Bunyip - Garfield,10059
Koo Wee Rup,10808
Pakenham - North,23880
Pakenham - South,34030
Berwick - North,23063
Doveton,12158
Hallam,11571
Narre Warren North,8233
Endeavour Hills - North,12070
Endeavour Hills - South,13300
Narre Warren - North East,13491
Narre Warren - South West,14942
Berwick - South,30014
Cranbourne,21602
Cranbourne South,19713
Cranbourne West,22939
Lynbrook - Lyndhurst,18634
Pearcedale - Tooradin,8100
Narre Warren South (East),13162
Narre Warren South (West),16765
Clyde North - North,11693
Clyde North - South,17994
Cranbourne East,37903
Cranbourne North,25238
Hampton Park,26246
Clarinda - Oakleigh South,11492
Clayton South,13933
Dandenong,32094
Dingley Village,10553
Noble Park North,7462
Springvale,22616
Springvale South,12453
Noble Park - East,12855
Noble Park - West,19663
Keysborough,30650
Ashwood - Chadstone,20057
Glen Waverley - East,21737
Glen Waverley - West,21521
Mount Waverley - North,16289
Mount Waverley - South,19592
Mulgrave,20218
Oakleigh - Huntingdale,23537
Wheelers Hill,20680
Clayton,23589
Ardeer - Albion,7473
Cairnlea,10006
Delahey,8035
Keilor Downs,12983
Kings Park (Vic.),13836
St Albans - North,20318
St Albans - South,17119
Sunshine,9620
Sunshine North,11982
Sunshine West,18294
Sydenham,11596
Taylors Lakes,16764
Deer Park - Derrimut,26696
Derrimut,8719
Altona,13720
Altona Meadows,18347
Altona North,15059
Newport,18947
Seabrook,4864
Williamstown,16171
Braybrook,19521
Footscray,18108
Maribyrnong,12895
Seddon - Kingsville,9366
West Footscray - Tottenham,11986
Yarraville,15650
Bacchus Marsh,25615
Melton West,21834
Rockbank - Mount Cottrell,22941
Taylors Hill,19874
Burnside,6014
Burnside Heights,6353
Caroline Springs,20684
Brookfield,9967
Cobblebank - Strathtulloh,8867
Eynesbury - Exford,3130
Fraser Rise - Plumpton,12982
Hillside,16221
Kurunjang - Toolern Vale,11825
Melton,7905
Melton South,18722
Hoppers Crossing - North,18253
Hoppers Crossing - South,18497
Laverton,11879
Werribee - South,17460
Point Cook - East,20134
Point Cook - South,19657
Werribee - East,18804
Werribee - West,25516
Manor Lakes - Quandong,11425
Point Cook - North,24049
Tarneit,62597
Truganina,41119
Wyndham Vale,24430
Carrum Downs,22390
Frankston,23813
Frankston North,19596
Frankston South,18987
Langwarrin,25348
Seaford (Vic.),17478
Skye - Sandhurst,13466
Dromana,13561
Flinders,6045
Hastings - Somers,24063
Mount Eliza,18774
Mount Martha,19975
Point Nepean,19933
Rosebud - McCrae,22978
Somerville,18608
Mornington,25726
Ararat,8392
Ararat Surrounds,3189
Horsham,16930
Horsham Surrounds,3436
Nhill Region,6837
St Arnaud,3449
Stawell,8439
West Wimmera,2723
Yarriambiack,6374
Irymple,7765
Merbein,4932
Mildura Surrounds,3735
Red Cliffs,6103
Mildura - North,18124
Mildura - South,16557
Buloke,6122
Gannawarra,6627
Kerang,3899
Robinvale,3684
Swan Hill,11025
Swan Hill Surrounds,6517
Echuca,15622
Kyabram,10997
Lockington - Gunbower,3967
Rochester,3959
Rushworth,4158
Cobram,6495
Moira,2848
Numurkah,12505
Yarrawonga,8723
Mooroopna,8291
Shepparton - North,20102
Shepparton Surrounds - East,4026
Shepparton Surrounds - West,10378
Kialla,9472
Shepparton - South East,16464
Glenelg (Vic.),8869
Hamilton (Vic.),10218
Portland,11171
Southern Grampians,6231
Camperdown,3453
Colac,12621
Colac Region,5610
Corangamite - North,5347
Corangamite - South,7140
Otway,3972
Moyne - East,7043
Moyne - West,10094
Warrnambool - North,22575
Warrnambool - South,13315
Alexandra Hills,16861
Belmont - Gumdale,7685
Birkdale,15521
Capalaba,18675
Thorneside,3940
Wellington Point,12031
Cleveland,16149
Ormiston,6606
Redland Bay,18519
Sheldon - Mount Cotton,8536
Thornlands,20255
Victoria Point,15358
North Stradbroke Island,2217
Southern Moreton Bay Islands,9064
Brisbane Port - Lytton,10
Manly - Lota,7990
Manly West,12026
Murarrie,4927
Tingalpa,8997
Wakerley,9652
Wynnum,14819
Wynnum West - Hemmant,16169
Bald Hills,8069
Bridgeman Downs,11021
Carseldine,10002
Everton Park,10402
McDowall,8214
Aspley,13182
Chermside,11894
Chermside West,6764
Geebung,4593
Kedron - Gordon Park,14814
Stafford,7081
Stafford Heights,7241
Wavell Heights,10596
Boondall,9879
Brisbane Airport,131
Eagle Farm - Pinkenba,2300
Northgate - Virginia,7245
Nudgee - Banyo,11172
Nundah,13733
Bracken Ridge,17896
Brighton (Qld),9850
Deagon,3838
Sandgate - Shorncliffe,6915
Taigum - Fitzgibbon,14444
Zillmere,9520
Camp Hill,12483
Cannon Hill,7223
Carina,12099
Carina Heights,7061
Carindale,16782
Annerley,12387
Coorparoo,18234
Fairfield - Dutton Park,5168
Greenslopes,10890
Holland Park,9043
Holland Park West,6530
Woolloongabba,9204
Yeronga,10480
Eight Mile Plains,15684
Macgregor (Qld),6162
Mansfield (Qld),8993
Mount Gravatt,16342
Rochedale - Burbank,11843
Upper Mount Gravatt,11384
Wishart,11590
Coopers Plains,5891
Moorooka,11076
Robertson,5000
Salisbury - Nathan,7732
Tarragindi,11136
Algester,9344
Calamvale - Stretton,23637
Pallara - Willawong,12347
Parkinson - Drewvale,16507
Rocklea - Acacia Ridge,9818
Kuraby,9130
Runcorn,14386
Sunnybank,9312
Sunnybank Hills,18554
Jindalee - Mount Ommaney,7685
Middle Park - Jamboree Heights,7167
Riverhills,4171
Seventeen Mile Rocks - Sinnamon Park,9804
Westlake,4455
Bellbowrie - Moggill,10704
Brookfield - Kenmore Hills,7133
Chapel Hill,10852
Fig Tree Pocket,4462
Kenmore,9621
Pinjarra Hills - Pullenvale,5804
Chelmer - Graceville,7922
Corinda,5386
Indooroopilly,13913
Sherwood,6572
St Lucia,12903
Taringa,9338
Enoggera,9293
Enoggera Reservoir,33
Keperra,7509
Mitchelton,9125
Mount Coot-tha,0
The Gap,17419
Upper Kedron - Ferny Grove,12055
Brisbane City,14412
Fortitude Valley,10335
Highgate Hill,6626
Kangaroo Point,10526
New Farm,12837
South Brisbane,15440
Spring Hill,7516
West End,15943
Balmoral,4654
Bulimba,7570
East Brisbane,6344
Hawthorne,5292
Morningside - Seven Hills,14894
Norman Park,6987
Albion,4545
Alderley,6838
Ascot,5960
Clayfield,11021
Grange,4749
Hamilton (Qld),6927
Hendra,5035
Kelvin Grove - Herston,10775
Newmarket,5211
Newstead - Bowen Hills,19290
Wilston,4043
Windsor,8260
Wooloowin - Lutwyche,11416
Ashgrove,14101
Auchenflower,5793
Bardon,10609
Paddington - Milton,12511
Red Hill (Qld),6194
Toowong,12863
Brinsmead,5649
Clifton Beach - Kewarra Beach,12135
Freshwater - Stratford,3768
Redlynch,14193
Trinity Beach - Smithfield,17901
Yorkeys Knob - Machans Beach,6260
Bentley Park,8728
Cairns City,12887
Earlville - Bayview Heights,8569
Edmonton,11836
Gordonvale - Trinity,10338
Kanimbla - Mooroobool,10155
Lamb Range,6
Manoora,6307
Manunda,5278
Mount Sheridan,8904
Westcourt - Bungalow,6604
White Rock,5053
Whitfield - Edge Hill,8473
Woree,5189
Babinda,4652
Innisfail,9346
Johnstone,8098
Tully,11243
Wooroonooran,3
Yarrabah,2619
Daintree,6836
Port Douglas,5733
Atherton,11932
Herberton,5612
Kuranda,4924
Malanda - Yungaburra,9264
Mareeba,12154
Balonne,4353
Chinchilla,8932
Goondiwindi,6304
Inglewood - Waggamba,4098
Miles - Wandoan,4246
Roma,7011
Roma Surrounds,6089
Tara,3930
Crows Nest - Rosalie,9400
Jondaryan,7786
Millmerran,3252
Pittsworth,5848
Wambo,17416
Clifton - Greenmount,5206
Southern Downs - East,4437
Southern Downs - West,5088
Stanthorpe,5363
Stanthorpe Surrounds,6361
Warwick,15892
Central Highlands - East,7369
Central Highlands - West,7599
Emerald,14621
Berserker,7167
Bouldercombe,1962
Emu Park,5940
Frenchville - Mount Archer,9234
Glenlee - Rockyview,5454
Gracemere,12789
Lakes Creek,4962
Mount Morgan,2987
Norman Gardens,10928
Park Avenue,5364
Parkhurst - Kawana,7732
Rockhampton - West,5958
Rockhampton City,3408
Rockhampton Surrounds - East,3579
Rockhampton Surrounds - North,4732
Rockhampton Surrounds - West,3088
Shoalwater Bay,22
The Range - Allenstown,8025
Yeppoon,21178
Banana,8991
Biloela,5788
Agnes Water - Miriam Vale,7152
Boyne Island - Tannum Sands,10276
Callemondah,33
Clinton - New Auckland,14610
Gladstone,6300
Gladstone Hinterland,11848
Kin Kora - Sun Valley,3578
South Trees,0
Telina - Toolooa,6506
West Gladstone,4999
Broadbeach Waters,8366
Burleigh Heads,9284
Burleigh Waters,14682
Mermaid Beach - Broadbeach,14807
Mermaid Waters,13632
Miami,7681
Coolangatta,6681
Currumbin - Tugun,12655
Currumbin Waters,9847
Elanora,12782
Palm Beach,16860
Arundel,11492
Biggera Waters,10332
Coombabah,10450
Labrador,18980
Paradise Point - Hollywell,10227
Runaway Bay,9393
Guanaba - Springbrook,4506
Tamborine - Canungra,16138
Currumbin Valley - Tallebudgera,7851
Mudgeeraba - Bonogin,19990
Reedy Creek - Andrews,9085
Carrara,13466
Highland Park,8561
Nerang - Mount Nathan,21715
Pacific Pines - Gaven,18726
Worongary - Tallai,8703
Coomera,22021
Helensvale,19728
Hope Island,15661
Jacobs Well - Alberton,4943
Oxenford - Maudsland,18577
Ormeau (East) - Stapylton,11110
Ormeau (West) - Yatala,12309
Pimpama - North,11463
Pimpama - South,11595
Upper Coomera (South) - Wongawallan,11821
Upper Coomera - North,20944
Willow Vale - Pimpama (West),7585
Clear Island Waters,4440
Merrimac,7280
Varsity Lakes,17160
Robina - East,17234
Robina - West,9139
Ashmore,12549
Molendinar,6541
Parkwood,9000
Southport - North,18732
Southport - South,19326
Benowa,10094
Bundall,4934
Main Beach,4084
Surfers Paradise - North,12927
Surfers Paradise - South,15127
Darra - Sumner,4767
Durack,8434
Inala - Richlands,20431
Oxley (Qld),8827
Wacol,6430
Doolandella,9058
Forest Lake - Ellen Grove,23059
Boonah,12958
Esk,5132
Lake Manchester - England Creek,0
Lockyer Valley - East,22218
Lowood,14666
Rosewood,15068
Brassall,12542
Bundamba,9603
Churchill - Yamanto,6966
Ipswich - Central,6871
Ipswich - East,18361
Ipswich - North,4609
Karalee - Barellan Point,6992
Karana Downs,6161
Leichhardt - One Mile,8488
North Ipswich - Tivoli,6481
Raceview,15571
Ripley,15723
Riverview,3128
Camira - Gailes,9450
Carole Park,7
Collingwood Park - Redbank,12812
Goodna,11168
New Chum,3
Redbank Plains,26069
Springfield,7728
Springfield Lakes,25979
Augustine Heights - Brookwater,9414
Bellbird Park,9769
Beaudesert,15237
Beenleigh,8617
Eagleby,13762
Edens Landing - Holmview,10145
Mount Warren Park,5805
Wolffdene - Bahrs Scrub,10319
Boronia Heights - Park Ridge,21858
Browns Plains,8548
Chambers Flat - Logan Reserve,10720
Crestmead,12403
Greenbank Military Camp,0
Hillcrest,9214
Marsden,16590
Munruben - Park Ridge South,4484
Regents Park - Heritage Park,16377
Logan Village,9025
Flagstone (East) - Riverbend,6846
Flagstone (West) - New Beith,10943
Greenbank - North Maclean,8754
Jimboomba - Glenlogan,19280
Yarrabilba,12266
Bethania - Waterford,12645
Cornubia - Carbrook,9252
Loganholme - Tanah Merah,11963
Loganlea,12311
Shailer Park,12341
Waterford West,8055
Daisy Hill,7090
Kingston (Qld),10621
Logan Central,6415
Rochedale South - Priestdale,15628
Slacks Creek,10605
Springwood,9988
Underwood,6999
Woodridge,13188
Bowen,10306
Broadsound - Nebo,9014
Clermont,3943
Collinsville,3964
Moranbah,9789
Andergrove - Beaconsfield,16345
East Mackay,3808
Eimeo - Rural View,14093
Eungella Hinterland,9
Mackay,4129
Mackay Harbour,634
Mount Pleasant - Glenella,11882
North Mackay,6375
Ooralea - Bakers Creek,6170
Pioneer Valley,9171
Sarina,12140
Seaforth - Calen,8356
Shoal Point - Bucasia,6267
Slade Point,3571
South Mackay,6997
Walkerston - Eton,8547
West Mackay,6469
Airlie - Whitsundays,15108
Cape Conway,0
Proserpine,9128
Beachmere - Sandstone Point,17029
Bribie Island,21454
Burpengary - East,7538
Caboolture - South,24947
Elimbah,4473
Morayfield - East,12031
Wamuran,4320
Caboolture - East,18460
Caboolture - West,12813
Kilcoy,5909
Woodford - D`Aguilar,9627
Burpengary,17446
Deception Bay,23425
Morayfield,6193
Narangba,21864
Upper Caboolture,3406
Clontarf,8578
Margate - Woody Point,12240
Redcliffe,10621
Rothwell - Kippa-Ring,17684
Moreton Island,320
Scarborough - Newport,16184
Albany Creek,16807
Cashmere,20278
Dayboro,9574
Eatons Hill,7916
The Hills District,25046
Samford Valley,12704
Murrumba Downs - Griffin,24923
Dakabin,5610
Kallangur,22702
Mango Hill,16107
North Lakes,23709
Bray Park,10456
Lawnton,7417
Petrie,8839
Strathpine - Brendale,14356
Aurukun,1124
Cape York,8070
Croydon - Etheridge,988
Kowanyama - Pormpuraaw,1774
Northern Peninsula,2890
Tablelands,6289
Torres,3518
Torres Strait Islands,4286
Weipa,4215
Carpentaria,5115
Mount Isa,18652
Mount Isa Surrounds,4179
Northern Highlands,3158
Barcaldine - Blackall,4799
Charleville,3961
Far Central West,2193
Far South West,2759
Longreach,3721
Buderim - North,18593
Buderim - South,17959
Mountain Creek,12136
Sippy Downs,11990
Aroona - Currimundi,10128
Buddina - Minyama,7018
Caloundra - Kings Beach,6982
Golden Beach - Pelican Waters,13367
Moffat Beach - Battery Hill,8156
Parrearra - Warana,10746
Wurtulla - Birtinya,11174
Caloundra West - Baringa,17770
Meridan Plains - Little Mountain (North),14803
Coolum Beach,16408
Marcoola - Mudjimba,12153
Maroochydore - Kuluin,24184
Mooloolaba - Alexandra Headland,12665
Noosa Heads,5174
Noosaville,9356
Sunshine Beach,7045
Tewantin,10597
Peregian Beach - Marcus Beach,4189
Peregian Springs,11242
Beerwah,9522
Caloundra Hinterland,9257
Glass House Mountains,6775
Landsborough,17560
Maroochy Hinterland,6992
Palmwoods,12236
Bli Bli,11240
Diddillibah - Rosemount,4519
Eumundi - Yandina,12858
Nambour,23401
Noosa Hinterland,25023
Cambooya - Wyreema,8200
Darling Heights,15087
Drayton - Harristown,11126
Gatton,8129
Gowrie (Qld),7323
Highfields,15476
Lockyer Valley - West,12284
Middle Ridge,7849
Newtown (Qld),10297
North Toowoomba - Harlaxton,6518
Rangeville,8781
Toowoomba - Central,14224
Toowoomba - East,10698
Toowoomba - West,16722
Wilsonton,14485
Ayr,9077
Burdekin,7747
Charters Towers,8174
Dalrymple,3807
Ingham,4513
Ingham Surrounds,6576
Palm Island,2194
Aitkenvale,4798
Annandale (Qld),10290
Belgian Gardens - Pallarenda,3211
Bohle Plains,9195
Condon - Rasmussen,11080
Cranbrook,5901
Douglas,8060
Garbutt - West End,6392
Gulliver - Currajong - Vincent,7712
Heatley,3955
Hermit Park - Rosslea,5529
Hyde Park - Pimlico,4758
Kelso,11008
Kirwan - East,7816
Kirwan - West,15085
Magnetic Island,2540
Mount Louisa,10505
Mundingburra,3597
Northern Beaches,6755
Oonoonba,7402
South Townsville - Railway Estate,5407
Townsville - South,4995
Townsville City - North Ward,9310
Wulguru - Roseneath,6196
Burdell - Mount Low,20418
Deeragun - Jensen,6273
Ashfield - Kepnock,5790
Bargara - Burnett Heads,19935
Branyan - Kensington,5607
Bundaberg,6315
Bundaberg East - Kalkie,5910
Bundaberg North - Gooburrum,7625
Bundaberg Surrounds - North,9459
Bundaberg Surrounds - South,11273
Millbank - Avoca,7545
Svensson Heights - Norville,5932
Walkervale - Avenell Heights,11137
Gayndah - Mundubbera,6497
Gin Gin,5535
Kingaroy,10755
Kingaroy Surrounds - North,9739
Kingaroy Surrounds - South,4256
Monto - Eidsvold,3719
Nanango,10276
North Burnett,13
Cooloola,6777
Gympie - North,15234
Gympie - South,7909
Gympie Surrounds,21254
Kilkivan,3841
Booral - River Heads,6415
Craignish - Dundowran Beach,5863
Pialba - Eli Waters,16335
Point Vernon,5780
Torquay - Scarness - Kawungan,16100
Urangan - Wondunna,15539
Burrum - Fraser,11052
Granville,3105
Maryborough (Qld),18964
Maryborough Surrounds - South,10042
Tinana,5972
Adelaide,19187
North Adelaide,6954
Adelaide Hills,7091
Aldgate - Stirling,18449
Hahndorf - Echunga,4751
Lobethal - Woodside,9587
Mount Barker,23575
Mount Barker Surrounds,6997
Nairne,5501
Uraidla - Summertown,6183
Burnside - Wattle Park,19359
Beaumont - Glen Osmond,10456
Toorak Gardens,16879
Athelstone,9681
Paradise - Newton,22126
Rostrevor - Magill,24583
Norwood (SA),11033
Payneham - Felixstow,13279
St Peters - Marden,13693
Nailsworth - Broadview,6532
Prospect,16212
Walkerville,8182
Goodwood - Millswood,17848
Unley - Parkside,21234
Gawler - North,9764
Gawler - South,22720
Lewiston - Two Wells,7011
Craigmore - Blakeview,20654
Davoren Park,19043
Elizabeth,11061
Elizabeth East,14197
Munno Para West - Angle Vale,17932
One Tree Hill,2492
Smithfield - Elizabeth North,12657
Virginia - Waterloo Corner,6125
Enfield - Blair Athol,26600
Windsor Gardens,22972
Northgate - Northfield,18815
Valley View - Gilles Plains,10644
Dry Creek - North,0
Ingle Farm,15808
Para Hills,15222
Parafield,18
Parafield Gardens,18619
Paralowie,18095
Salisbury,18837
Salisbury East,18750
Salisbury North,18836
Mawson Lakes - Globe Derby Park,14284
Pooraka - Cavan,8166
Golden Grove,10510
Greenwith,9100
Highbury - Dernancourt,11337
Hope Valley - Modbury,17821
Modbury Heights,19450
Redwood Park,16542
St Agnes - Ridgehaven,13279
Brighton (SA),15342
Glenelg (SA),20856
Edwardstown,14836
Hallett Cove,12668
Marino - Seaview Downs,9821
Mitchell Park,16999
Morphettville,16946
Sheidow Park - Trott Park,10319
Warradale,16657
Belair,4916
Bellevue Heights,7754
Blackwood,13177
Colonel Light Gardens,15932
Mitcham (SA),16599
Panorama,8653
Aberfoyle Park,11899
Aldinga,16219
Christie Downs,9627
Christies Beach,11348
Clarendon,2787
Coromandel Valley,4545
Flagstaff Hill,10930
Hackham - Onkaparinga Hills,7098
Hackham West - Huntfield Heights,7916
Happy Valley,14066
Happy Valley Reservoir,0
Lonsdale,26
McLaren Vale,7741
Morphett Vale - East,13992
Morphett Vale - West,10318
Reynella,10455
Willunga,3661
Woodcroft,11670
Seaford - Seaford Meadows,14626
Seaford Rise - Moana,10958
Beverley,9182
Flinders Park,16877
Henley Beach,15916
Hindmarsh - Brompton,19772
Royal Park - Hendon - Albert Park,6647
Seaton - Grange,17721
West Lakes,15548
Woodville - Cheltenham,19778
Dry Creek - South,0
Largs Bay - Semaphore,15044
North Haven,15076
Port Adelaide,11879
The Parks,20203
Torrens Island,5
Adelaide Airport,3
Fulham,2982
Lockleys,13706
Plympton,27150
Richmond (SA),17409
West Beach,5242
Barossa - Angaston,6683
Light,10184
Lyndoch,6767
Mallala,3445
Nuriootpa,7463
Tanunda,4730
Clare,4191
Gilbert Valley,5122
Goyder,4154
Wakefield - Barunga West,9738
Jamestown,4701
Peterborough - Mount Remarkable,5436
Port Pirie,14201
Port Pirie Surrounds,3375
Kadina,5589
Moonta,5428
Wallaroo,4642
Yorke Peninsula - North,7656
Yorke Peninsula - South,4267
Ceduna,2809
Eyre Peninsula,7020
Kimba - Cleve - Franklin Harbour,4296
Le Hunte - Elliston,2173
Port Lincoln,16928
West Coast (SA),3796
Western,144
Whyalla,21800
Whyalla - North,0
APY Lands,2598
Coober Pedy,1574
Quorn - Lake Gilles,2185
Outback,2011
Port Augusta,14120
Roxby Downs,4102
Goolwa - Port Elliot,12994
Kangaroo Island,5088
Strathalbyn,8127
Strathalbyn Surrounds,8240
Victor Harbor,16435
Yankalilla,6676
Grant,6329
Kingston - Robe,3965
Millicent,5367
Naracoorte,6466
Naracoorte Surrounds,2451
Penola,3166
Tatiara,7038
Wattle Range,3560
Mount Gambier - East,15407
Mount Gambier - West,15028
Barmera,6543
Berri,4232
Karoonda - Lameroo,2959
Loxton,5729
Loxton Surrounds,1788
Mannum,6780
Murray Bridge,19067
Murray Bridge Surrounds,3838
Renmark,4791
Renmark Surrounds,5244
The Coorong,5578
Waikerie,6756
Augusta,7050
Busselton Surrounds,12674
Margaret River,10848
Busselton - East,9759
Busselton - West,20361
Australind - Leschenault,20359
Capel,5692
College Grove - Carey Park,7309
Collie,9150
Dardanup,3440
Davenport,11
Eaton - Pelican Point,12895
Harvey,9788
East Bunbury - Glen Iris,7514
Waroona,4399
Dalyellup,10264
Gelorup - Stratham,3163
South Bunbury - Bunbury,13217
Withers - Usher,5377
Bridgetown - Boyup Brook,7464
Donnybrook - Balingup,6398
Manjimup,5628
Pemberton,5377
Dawesville - Bouvard,9063
Falcon - Wannanup,10173
Greenfields,10284
Halls Head - Erskine,20985
Mandurah,10754
Mandurah - East,6991
Mandurah - North,22876
Mandurah - South,11950
Pinjarra,10845
City Beach,7025
Claremont (WA),9631
Cottesloe,8081
Floreat,9002
Mosman Park - Peppermint Grove,11241
Nedlands - Dalkeith - Crawley,19700
Swanbourne - Mount Claremont,10013
Kings Park (WA),50
Mount Hawthorn - Leederville,12417
Mount Lawley - Inglewood,17562
North Perth,10149
Subiaco - Shenton Park,18378
Wembley - West Leederville - Glendalough,19762
East Perth,12605
Perth (North) - Highgate,12115
Perth (West) - Northbridge,13089
Bassendean - Eden Hill - Ashfield,16600
Bayswater - Embleton - Bedford,25540
Maylands,13828
Morley,23728
Noranda,8295
Chidlow,4744
Glen Forrest - Darlington,7453
Helena Valley - Koongamia,6088
Malmalling - Reservoir,11
Mundaring,13804
Swan View - Greenmount - Midvale,13501
Avon Valley National Park,7
Ballajura,19196
Beechboro,23165
Bullsbrook,6029
Gidgegannup,2939
Hazelmere - Guildford,5917
Lockridge - Kiara,13363
Malaga,23
Melaleuca - Lexia,0
Middle Swan - Herne Hill,5931
Midland - Guildford,11520
Stratton - Jane Brook,7307
The Vines,13355
Walyunga National Park,0
Aveley,16995
Brabham - Henley Brook,12806
Ellenbrook,20086
Craigie - Beldon,10962
Currambine - Kinross,14260
Duncraig,16543
Greenwood - Warwick,14180
Heathridge - Connolly,11016
Hillarys,11518
Iluka - Burns Beach,10220
Joondalup - Edgewater,14337
Kingsley,13573
Mullaloo - Kallaroo,11987
Ocean Reef,8384
Padbury,8949
Sorrento - Marmion,10496
Woodvale,9889
Balcatta - Hamersley,16714
Balga - Mirrabooka,21954
Herdsman,0
Innaloo - Doubleview,19315
Karrinyup - Gwelup - Carine,23641
Nollamara - Westminster,20755
Osborne Park Industrial,250
Scarborough,18367
Stirling - Osborne Park,15247
Trigg - North Beach - Watermans Bay,8295
Tuart Hill - Joondanna,13319
Wembley Downs - Churchlands - Woodlands,15638
Yokine - Coolbinia - Menora,17746
Dianella - North,12409
Dianella - South,13530
Alexander Heights - Koondoola,11984
Butler - Merriwa - Ridgewood,24812
Carramar,19858
Clarkson,14565
Girrawheen,9450
Marangaroo,10707
Mindarie - Quinns Rocks - Jindalee,21934
Neerabup National Park,4
Tapping - Ashby - Sinagra,14142
Alkimos - Eglinton,15879
Carabooda - Pinjar,754
Two Rocks,4153
Yanchep,11805
Hocking - Pearsall,13884
Landsdale,16431
Madeley - Darch,14701
Wanneroo - Sinagra,15271
Armadale - Wungong - Brookdale,25146
Ashendon - Lesley,3
Camillo - Champion Lakes,6161
Kelmscott,10938
Mount Nasura - Mount Richon - Bedfordale,8621
Roleystone,7508
Seville Grove,12042
Harrisdale,12538
Piara Waters - Forrestdale,17811
Belmont - Ascot - Redcliffe,15797
East Victoria Park - Carlisle,18063
Kewdale Commercial,0
Perth Airport,23
Victoria Park - Lathlain - Burswood,16700
Cloverdale,9242
Kewdale,7702
Rivervale,11539
Bentley - Wilson - St James,21489
Canning Vale - West,10343
Canning Vale Commercial,5
Cannington - Queens Park,21772
Parkwood - Ferndale - Lynwood,14431
Riverton - Shelley - Rossmoyne,14965
Welshpool,15
Willetton,19975
Beckenham - Kenwick - Langford,21198
Canning Vale - East,25465
Gosnells,22365
Huntingdale - Southern River,23408
Maddington - Orange Grove - Martin,15830
Thornlie,24649
Forrestfield - Wattle Grove,20913
High Wycombe,12693
Kalamunda - Maida Vale - Gooseberry Hill,15658
Lesmurdie - Bickley - Carmel,11992
Byford,22531
Mundijong,7553
Serpentine - Jarrahdale,4749
Como,15102
Manning - Waterford,12113
South Perth - Kensington,17965
Banjup,23529
Bibra Industrial,21
Bibra Lake,0
Coogee,10235
Coolbellup,8864
Hamilton Hill,11887
Henderson,9
North Coogee,4104
South Lake - Cockburn Central,12245
Spearwood,11804
Success - Hammond Park,18767
Yangebup,7954
Beeliar - Wattleup,10904
Jandakot,2530
East Fremantle,8064
Fremantle,17848
Fremantle - South,16045
O`Connor (WA),7
Wellard (West) - Bertram,19643
Calista,7697
Hope Valley - Postans,80
Kwinana Industrial,25
Parmelia - Orelia,11795
Casuarina - Wandi,10260
Applecross - Ardross,12153
Bateman,3923
Bicton - Palmyra,15331
Booragoon,16177
Bull Creek,8256
Leeming,11169
Melville,18095
Murdoch - Kardinya,12877
Willagee,5742
Winthrop,6204
Cooloongup,8811
Port Kennedy,13954
Rockingham,17403
Rockingham Lakes,3
Safety Bay - Shoalwater,12558
Singleton - Golden Bay - Secret Harbour,23683
Waikiki,13037
Warnbro,11229
Baldivis - North,12958
Baldivis - South,27744
Karnup,2273
Albany,15406
Albany Surrounds,3857
Bayonet Head - Lower King,5443
Denmark,6537
Gnowangerup,2964
Katanning,4703
Kojonup,4202
Little Grove - Elleker,3812
McKail - Willyung,11898
Plantagenet,5586
Stirling Range National Park,0
Chittering,6296
Cunderdin,3909
Dowerin,3914
Gingin - Dandaragan,9463
Merredin,5073
Moora,4628
Mukinbudin,3063
Northam,11934
Toodyay,4812
York - Beverley,5305
Brookton,3592
Kulin,4336
Murray,2454
Narrogin,4534
Wagin,5010
Broome,15774
Derby - West Kimberley,8370
Halls Creek,4138
Kununurra,8057
Roebuck,2586
East Pilbara,6211
Newman,4505
Port Hedland,4467
South Hedland,12136
Ashburton (WA),7834
Karratha,18239
Roebourne,5548
Esperance,12543
Esperance Surrounds,4157
Carnarvon,5146
Exmouth,4953
Boulder,7523
Kalgoorlie,13732
Kalgoorlie - North,9204
Kalgoorlie Airport,0
Kambalda - Coolgardie - Norseman,4597
Leinster - Leonora,5203
Trafalgar (WA),0
Geraldton,12395
Geraldton - East,8227
Geraldton - North,9163
Geraldton - South,10863
Irwin,3794
Meekatharra,3388
Morawa,3993
Northampton - Mullewa - Greenough,5824
Bridgewater - Gagebrook,8431
Brighton - Pontville,6756
Old Beach - Otago,5117
Bellerive - Rosny,6562
Cambridge,8788
Geilston Bay - Risdon,3544
Howrah - Tranmere,11984
Lindisfarne - Rose Bay,7879
Mornington - Warrane,5228
Risdon Vale,3587
Rokeby,8441
South Arm,4637
Austins Ferry - Granton,4445
Berriedale - Chigwell,5810
Claremont (Tas.),8489
Derwent Park - Lutana,4713
Glenorchy,12512
Montrose - Rosetta,5161
Moonah,5767
New Norfolk,7464
West Moonah,4414
Kingston - Huntingfield,13908
Kingston Beach - Blackmans Bay,11255
Margate - Snug,8610
Mount Wellington,0
Taroona - Bonnet Hill,3615
Hobart,9187
Lenah Valley - Mount Stuart,9137
Mount Nelson - Dynnyrne,5147
New Town,6694
Sandy Bay,12626
South Hobart - Fern Tree,6825
West Hobart,6458
Dodges Ferry - Lewisham,8871
Sorell - Richmond,10391
Invermay,3571
Kings Meadows - Punchbowl,5057
Launceston,5490
Legana,5005
Mowbray,4174
Newnham - Mayfield,9997
Newstead,5570
Norwood (Tas.),4087
Prospect Vale - Blackstone,6930
Ravenswood,3959
Riverside,7502
South Launceston,4961
Summerhill - Prospect,5079
Trevallyn,4900
Waverley - St Leonards,4065
West Launceston,4247
Youngtown - Relbia,5112
Beauty Point - Beaconsfield,4158
Deloraine,6265
Grindelwald - Lanena,6291
Hadspen - Carrick,3741
Westbury,4556
Dilston - Lilydale,4495
George Town,7363
Longford,4557
Northern Midlands,3799
Perth - Evandale,5649
St Helens - Scamander,7003
Flinders and Cape Barren Islands,931
Scottsdale - Bridport,7019
Central Highlands,2492
Derwent Valley,3444
Southern Midlands,6895
Wilderness - East,7
Bruny Island - Kettering,3567
Cygnet,4997
Geeveston - Dover,4228
Huonville - Franklin,9986
Forestier - Tasman,2676
Triabunna - Bicheno,5172
Acton - Upper Burnie,3392
Burnie - Ulverstone Surrounds,5300
Burnie - Wivenhoe,3856
Parklands - Camdale,6965
Penguin - Sulphur Creek,5537
Romaine - Havenview,3663
Somerset,4179
Ulverstone,7269
West Ulverstone,4631
Wynyard,6577
Devonport,14917
East Devonport,5225
Latrobe,5603
Miandetta - Don,3759
Port Sorell,6742
Quoiba - Spreyton,3232
Sheffield - Railton,6812
Turners Beach - Forth,3578
King Island,1675
North West,4349
Smithton,4018
Waratah,3933
West Coast (Tas.),4351
Wilderness - West,0
Darwin Airport,20
Darwin City,7501
East Point,0
Fannie Bay - The Gardens,3793
Larrakeyah,4206
Ludmilla - The Narrows,2725
Parap,2900
Stuart Park,4309
Woolner - Bayview - Winnellie,2949
Alawa,2162
Anula,2492
Berrimah,1958
Brinkin - Nakara,3506
Buffalo Creek,0
Charles Darwin,3
Coconut Grove,3019
East Arm,23
Jingili,1914
Karama,5079
Leanyer,4905
Lyons (NT),6575
Malak - Marrara,4639
Millner,2676
Moil,2084
Nightcliff,4066
Rapid Creek,3381
Tiwi,2608
Wagaman,2076
Wanguri,1925
Wulagi,2671
Howard Springs,5619
Humpty Doo,8992
Koolpinyah,14
Virginia,3432
Weddell,4585
Bakewell,3279
Driver,2882
Durack - Marlow Lagoon,4829
Gray,3372
Moulden,3272
Palmerston - North,4750
Palmerston - South,7591
Rosebery - Bellamack,6965
Woodroffe,3380
Charles,4647
East Side,6082
Flynn (NT),5085
Larapinta,5537
Mount Johns,4478
Petermann - Simpson,2205
Ross,3026
Sandover - Plenty,4511
Tanami,3316
Yuendumu - Anmatjere,2091
Barkly,2521
Tennant Creek,3504
Alligator,4681
Daly,2176
Thamarrurr,2446
Tiwi Islands,2745
West Arnhem,6080
Anindilyakwa,2918
East Arnhem,8042
Nhulunbuy,3642
Elsey,2619
Gulf,4844
Katherine,10850
Victoria River,3046
Aranda,2557
Belconnen,8800
Bruce,7572
Charnwood,3008
Cook,2894
Dunlop,7299
Evatt,5452
Florey,4695
Flynn (ACT),3650
Fraser,2104
Giralang,3303
Gooromon,4
Hawker,2988
Higgins,3276
Holt,5728
Kaleen,7597
Latham,3748
Lawson,2813
Macgregor (ACT),6971
Macquarie,3059
McKellar,2686
Melba,3322
Page,2982
Scullin,3080
Spence,2525
Weetangera,2788
Molonglo Corridor,16
Macnamara,0
Strathnairn,1048
West Belconnen,22
Hume,394
Kowen,23
Canberra East,1137
Canberra Airport,128
Majura,287
Amaroo,6053
Bonner,7363
Casey,6521
Crace,4747
Forde,4434
Franklin,7440
Gungahlin,8739
Hall,292
Harrison,8116
Mitchell,8
Ngunnawal,10987
Nicholls,6563
Palmerston,5466
Gungahlin - East,0
Gungahlin - West,0
Jacka,692
Kenny,18
Moncrieff,5495
Taylor,2531
Throsby,2948
Acton,2959
Ainslie,5286
Braddon,6753
Civic,4968
Dickson,3474
Downer,4334
Hackett,3238
Lyneham,5652
O`Connor (ACT),5857
Turner,4536
Watson,6857
Black Mountain,0
Campbell,4861
Duntroon,2015
Parkes (ACT) - North,0
Reid,1766
Russell,0
Deakin,3138
Forrest,1877
Griffith (ACT),5334
Lake Burley Griffin,0
Narrabundah,6543
Parkes (ACT) - South,4
Red Hill (ACT),3219
Yarralumla,3094
Barton,1978
Fyshwick,59
Kingston (ACT),6928
Banks,5005
Bonython,3757
Calwell,5660
Chisholm,5204
Conder,5010
Fadden,2981
Gilmore,2678
Gordon (ACT),7820
Gowrie (ACT),3078
Greenway,4412
Isabella Plains,4274
Kambah,15757
Macarthur,1366
Monash,5564
Mount Taylor,0
Oxley (ACT),1674
Richardson,3016
Theodore,3735
Tuggeranong,40
Wanniassa,7815
Tuggeranong - West,10
Chapman,2838
Duffy,3412
Fisher,3266
Holder,2820
Rivett,3317
Stirling,2126
Waramanga,2728
Weston,3933
Scrivener,0
Chifley,2612
Curtin,5488
Farrer,3793
Garran,3721
Hughes,3162
Isaacs,2339
Lyons (ACT),3224
Mawson,3396
O`Malley,942
Pearce,2676
Phillip,5448
Torrens,2391
Arboretum,10
Coombs,5062
Denman Prospect,3487
Molonglo,0
Wright,4018
Molonglo - East,3
Whitlam,53
ACT - South West,557
Namadgi,67
Christmas Island,1787
Cocos (Keeling) Islands,614
Jervis Bay,311
Norfolk Island,2213
,
,
,
,
,
